influencers,link
ASEAN Basketball League,https://www.facebook.com/aseanbasketballleague/
Future Music Festival Asia,https://www.facebook.com/futuremusicasia/
George Town Festival,https://www.facebook.com/GeorgeTownFestival/
KLue,https://www.facebook.com/kluefanpage/
Lost World Of Tambun,https://www.facebook.com/lostworldoftambun/
Malaysia Basketball Association,https://www.facebook.com/MalaysiaBasketball/
Malaysia Dragons,https://www.facebook.com/OfficialMYDragons/
The Livescape Group,https://www.facebook.com/livescapeasia/
Tourism Malaysia,https://www.facebook.com/malaysia.travel.my/
Visit Malaysia Year 2014,https://www.facebook.com/myfest2015.com.my/
Visit Sanya,https://www.facebook.com/Sanya.China/
Visit Shaanxi,https://www.facebook.com/visitshaanxi/
